-- phpMyAdmin SQL Dump
-- version 5.1.0
-- https://www.phpmyadmin.net/
--
-- Host: 127.0.0.1
-- Generation Time: Dec 15, 2021 at 07:30 AM
-- Server version: 10.4.19-MariaDB
-- PHP Version: 8.0.6

SET SQL_MODE = "NO_AUTO_VALUE_ON_ZERO";
START TRANSACTION;
SET time_zone = "+00:00";


/*!40101 SET @OLD_CHARACTER_SET_CLIENT=@@CHARACTER_SET_CLIENT */;
/*!40101 SET @OLD_CHARACTER_SET_RESULTS=@@CHARACTER_SET_RESULTS */;
/*!40101 SET @OLD_COLLATION_CONNECTION=@@COLLATION_CONNECTION */;
/*!40101 SET NAMES utf8mb4 */;

--
-- Database: `imk`
--

-- --------------------------------------------------------

--
-- Table structure for table `bills`
--

CREATE TABLE `bills` (
  `id` bigint(20) UNSIGNED NOT NULL,
  `payment` bigint(20) NOT NULL,
  `ongkir` bigint(20) NOT NULL,
  `customerId` bigint(20) UNSIGNED NOT NULL,
  `bill_name` varchar(255) COLLATE utf8mb4_unicode_ci NOT NULL,
  `bill_phone` varchar(15) COLLATE utf8mb4_unicode_ci DEFAULT NULL,
  `shippingAddress` varchar(255) COLLATE utf8mb4_unicode_ci NOT NULL,
  `shipping_status` varchar(255) COLLATE utf8mb4_unicode_ci NOT NULL DEFAULT 'belum dikemas',
  `payment_status` varchar(255) COLLATE utf8mb4_unicode_ci NOT NULL DEFAULT 'not verified',
  `created_at` timestamp NULL DEFAULT NULL,
  `updated_at` timestamp NULL DEFAULT NULL
) ENGINE=InnoDB DEFAULT CHARSET=utf8mb4 COLLATE=utf8mb4_unicode_ci;

--
-- Dumping data for table `bills`
--

INSERT INTO `bills` (`id`, `payment`, `ongkir`, `customerId`, `bill_name`, `bill_phone`, `shippingAddress`, `shipping_status`, `payment_status`, `created_at`, `updated_at`) VALUES
(23, 47000, 15000, 9, 'Keshi Luong', '0876 1234 1234', 'Jl. Merdeka no 12', 'sudah dikirim', 'verified', '2021-11-30 09:29:15', '2021-12-09 02:22:34'),
(26, 27000, 47000, 4, 'Annelis Mellema', '0822 3464 7891', 'Jl. Sudirman', 'sudah dikirim', 'verified', '2021-11-30 19:34:35', '2021-12-14 11:04:48'),
(31, 250000, 88000, 4, 'Annelis Mellema', '0822 3464 7891', 'Jl. Sudirman', 'sudah dikirim', 'verified', '2021-12-07 03:37:35', '2021-12-12 09:47:19'),
(35, 750000, 144000, 15, 'Monika Angelia Panjaitan', '082276889051', 'Jl. Sudirman, Sidikalang, Dairi Regency, North Sumatera, Indonesia 22211', 'sudah dikirim', 'verified', '2021-12-14 21:57:58', '2021-12-14 22:05:51'),
(36, 172000, 66000, 4, 'Annelis Mellema', '0822 3464 7891', 'Jl. Sudirman Sudirman no. 21', 'belum dikemas', 'verified', '2021-12-14 22:16:32', '2021-12-14 22:50:50');

-- --------------------------------------------------------

--
-- Table structure for table `carts`
--

CREATE TABLE `carts` (
  `id` bigint(20) UNSIGNED NOT NULL,
  `productId` bigint(20) UNSIGNED NOT NULL,
  `customerId` bigint(20) UNSIGNED NOT NULL,
  `payment` int(11) NOT NULL,
  `quantity` int(11) NOT NULL DEFAULT 1,
  `created_at` timestamp NULL DEFAULT NULL,
  `updated_at` timestamp NULL DEFAULT NULL
) ENGINE=InnoDB DEFAULT CHARSET=utf8mb4 COLLATE=utf8mb4_unicode_ci;

--
-- Dumping data for table `carts`
--

INSERT INTO `carts` (`id`, `productId`, `customerId`, `payment`, `quantity`, `created_at`, `updated_at`) VALUES
(73, 4, 4, 450000, 3, '2021-12-14 22:33:59', '2021-12-14 22:35:53'),
(74, 2, 4, 100000, 1, '2021-12-14 22:36:17', '2021-12-14 22:36:17');

-- --------------------------------------------------------

--
-- Table structure for table `cart_details`
--

CREATE TABLE `cart_details` (
  `id` bigint(20) UNSIGNED NOT NULL,
  `productId` bigint(20) UNSIGNED NOT NULL,
  `customerId` bigint(20) UNSIGNED NOT NULL,
  `bill_id` bigint(20) UNSIGNED NOT NULL,
  `quantity` int(11) DEFAULT 0,
  `created_at` timestamp NULL DEFAULT NULL,
  `updated_at` timestamp NULL DEFAULT NULL
) ENGINE=InnoDB DEFAULT CHARSET=utf8mb4 COLLATE=utf8mb4_unicode_ci;

--
-- Dumping data for table `cart_details`
--

INSERT INTO `cart_details` (`id`, `productId`, `customerId`, `bill_id`, `quantity`, `created_at`, `updated_at`) VALUES
(17, 1, 9, 23, 1, '2021-11-30 09:29:15', '2021-11-30 09:29:15'),
(22, 1, 4, 26, 1, '2021-11-30 19:34:36', '2021-11-30 19:34:36'),
(31, 4, 4, 31, 1, '2021-12-07 03:37:35', '2021-12-07 03:37:35'),
(32, 6, 4, 31, 1, '2021-12-07 03:37:35', '2021-12-07 03:37:35'),
(39, 4, 15, 35, 5, '2021-12-14 21:57:58', '2021-12-14 21:57:58'),
(40, 4, 4, 36, 1, '2021-12-14 22:16:33', '2021-12-14 22:16:33'),
(41, 1, 4, 36, 1, '2021-12-14 22:16:33', '2021-12-14 22:16:33');

-- --------------------------------------------------------

--
-- Table structure for table `cities`
--

CREATE TABLE `cities` (
  `id` bigint(20) UNSIGNED NOT NULL,
  `province_id` bigint(20) UNSIGNED NOT NULL,
  `city_id` int(10) UNSIGNED NOT NULL,
  `city_name` varchar(255) COLLATE utf8mb4_unicode_ci NOT NULL,
  `created_at` timestamp NULL DEFAULT NULL,
  `updated_at` timestamp NULL DEFAULT NULL
) ENGINE=InnoDB DEFAULT CHARSET=utf8mb4 COLLATE=utf8mb4_unicode_ci;

--
-- Dumping data for table `cities`
--

INSERT INTO `cities` (`id`, `province_id`, `city_id`, `city_name`, `created_at`, `updated_at`) VALUES
(1, 1, 17, 'Badung', '2021-11-29 07:21:49', '2021-11-29 07:21:49'),
(2, 1, 32, 'Bangli', '2021-11-29 07:21:49', '2021-11-29 07:21:49'),
(3, 1, 94, 'Buleleng', '2021-11-29 07:21:49', '2021-11-29 07:21:49'),
(4, 1, 114, 'Denpasar', '2021-11-29 07:21:50', '2021-11-29 07:21:50'),
(5, 1, 128, 'Gianyar', '2021-11-29 07:21:50', '2021-11-29 07:21:50'),
(6, 1, 161, 'Jembrana', '2021-11-29 07:21:50', '2021-11-29 07:21:50'),
(7, 1, 170, 'Karangasem', '2021-11-29 07:21:50', '2021-11-29 07:21:50'),
(8, 1, 197, 'Klungkung', '2021-11-29 07:21:50', '2021-11-29 07:21:50'),
(9, 1, 447, 'Tabanan', '2021-11-29 07:21:50', '2021-11-29 07:21:50'),
(10, 2, 27, 'Bangka', '2021-11-29 07:21:52', '2021-11-29 07:21:52'),
(11, 2, 28, 'Bangka Barat', '2021-11-29 07:21:52', '2021-11-29 07:21:52'),
(12, 2, 29, 'Bangka Selatan', '2021-11-29 07:21:52', '2021-11-29 07:21:52'),
(13, 2, 30, 'Bangka Tengah', '2021-11-29 07:21:52', '2021-11-29 07:21:52'),
(14, 2, 56, 'Belitung', '2021-11-29 07:21:52', '2021-11-29 07:21:52'),
(15, 2, 57, 'Belitung Timur', '2021-11-29 07:21:52', '2021-11-29 07:21:52'),
(16, 2, 334, 'Pangkal Pinang', '2021-11-29 07:21:52', '2021-11-29 07:21:52'),
(17, 3, 106, 'Cilegon', '2021-11-29 07:21:57', '2021-11-29 07:21:57'),
(18, 3, 232, 'Lebak', '2021-11-29 07:21:57', '2021-11-29 07:21:57'),
(19, 3, 331, 'Pandeglang', '2021-11-29 07:21:57', '2021-11-29 07:21:57'),
(20, 3, 402, 'Serang', '2021-11-29 07:21:57', '2021-11-29 07:21:57'),
(21, 3, 403, 'Serang', '2021-11-29 07:21:58', '2021-11-29 07:21:58'),
(22, 3, 455, 'Tangerang', '2021-11-29 07:21:58', '2021-11-29 07:21:58'),
(23, 3, 456, 'Tangerang', '2021-11-29 07:21:58', '2021-11-29 07:21:58'),
(24, 3, 457, 'Tangerang Selatan', '2021-11-29 07:21:58', '2021-11-29 07:21:58'),
(25, 4, 62, 'Bengkulu', '2021-11-29 07:22:00', '2021-11-29 07:22:00'),
(26, 4, 63, 'Bengkulu Selatan', '2021-11-29 07:22:00', '2021-11-29 07:22:00'),
(27, 4, 64, 'Bengkulu Tengah', '2021-11-29 07:22:00', '2021-11-29 07:22:00'),
(28, 4, 65, 'Bengkulu Utara', '2021-11-29 07:22:00', '2021-11-29 07:22:00'),
(29, 4, 175, 'Kaur', '2021-11-29 07:22:00', '2021-11-29 07:22:00'),
(30, 4, 183, 'Kepahiang', '2021-11-29 07:22:00', '2021-11-29 07:22:00'),
(31, 4, 233, 'Lebong', '2021-11-29 07:22:00', '2021-11-29 07:22:00'),
(32, 4, 294, 'Muko Muko', '2021-11-29 07:22:00', '2021-11-29 07:22:00'),
(33, 4, 379, 'Rejang Lebong', '2021-11-29 07:22:00', '2021-11-29 07:22:00'),
(34, 4, 397, 'Seluma', '2021-11-29 07:22:00', '2021-11-29 07:22:00'),
(35, 5, 39, 'Bantul', '2021-11-29 07:22:02', '2021-11-29 07:22:02'),
(36, 5, 135, 'Gunung Kidul', '2021-11-29 07:22:02', '2021-11-29 07:22:02'),
(37, 5, 210, 'Kulon Progo', '2021-11-29 07:22:02', '2021-11-29 07:22:02'),
(38, 5, 419, 'Sleman', '2021-11-29 07:22:02', '2021-11-29 07:22:02'),
(39, 5, 501, 'Yogyakarta', '2021-11-29 07:22:02', '2021-11-29 07:22:02'),
(40, 6, 151, 'Jakarta Barat', '2021-11-29 07:22:04', '2021-11-29 07:22:04'),
(41, 6, 152, 'Jakarta Pusat', '2021-11-29 07:22:04', '2021-11-29 07:22:04'),
(42, 6, 153, 'Jakarta Selatan', '2021-11-29 07:22:05', '2021-11-29 07:22:05'),
(43, 6, 154, 'Jakarta Timur', '2021-11-29 07:22:05', '2021-11-29 07:22:05'),
(44, 6, 155, 'Jakarta Utara', '2021-11-29 07:22:05', '2021-11-29 07:22:05'),
(45, 6, 189, 'Kepulauan Seribu', '2021-11-29 07:22:05', '2021-11-29 07:22:05'),
(46, 7, 77, 'Boalemo', '2021-11-29 07:22:07', '2021-11-29 07:22:07'),
(47, 7, 88, 'Bone Bolango', '2021-11-29 07:22:07', '2021-11-29 07:22:07'),
(48, 7, 129, 'Gorontalo', '2021-11-29 07:22:07', '2021-11-29 07:22:07'),
(49, 7, 130, 'Gorontalo', '2021-11-29 07:22:07', '2021-11-29 07:22:07'),
(50, 7, 131, 'Gorontalo Utara', '2021-11-29 07:22:07', '2021-11-29 07:22:07'),
(51, 7, 361, 'Pohuwato', '2021-11-29 07:22:07', '2021-11-29 07:22:07'),
(52, 8, 50, 'Batang Hari', '2021-11-29 07:22:11', '2021-11-29 07:22:11'),
(53, 8, 97, 'Bungo', '2021-11-29 07:22:11', '2021-11-29 07:22:11'),
(54, 8, 156, 'Jambi', '2021-11-29 07:22:11', '2021-11-29 07:22:11'),
(55, 8, 194, 'Kerinci', '2021-11-29 07:22:11', '2021-11-29 07:22:11'),
(56, 8, 280, 'Merangin', '2021-11-29 07:22:11', '2021-11-29 07:22:11'),
(57, 8, 293, 'Muaro Jambi', '2021-11-29 07:22:11', '2021-11-29 07:22:11'),
(58, 8, 393, 'Sarolangun', '2021-11-29 07:22:11', '2021-11-29 07:22:11'),
(59, 8, 442, 'Sungaipenuh', '2021-11-29 07:22:11', '2021-11-29 07:22:11'),
(60, 8, 460, 'Tanjung Jabung Barat', '2021-11-29 07:22:11', '2021-11-29 07:22:11'),
(61, 8, 461, 'Tanjung Jabung Timur', '2021-11-29 07:22:11', '2021-11-29 07:22:11'),
(62, 8, 471, 'Tebo', '2021-11-29 07:22:11', '2021-11-29 07:22:11'),
(63, 9, 22, 'Bandung', '2021-11-29 07:22:14', '2021-11-29 07:22:14'),
(64, 9, 23, 'Bandung', '2021-11-29 07:22:14', '2021-11-29 07:22:14'),
(65, 9, 24, 'Bandung Barat', '2021-11-29 07:22:14', '2021-11-29 07:22:14'),
(66, 9, 34, 'Banjar', '2021-11-29 07:22:14', '2021-11-29 07:22:14'),
(67, 9, 54, 'Bekasi', '2021-11-29 07:22:14', '2021-11-29 07:22:14'),
(68, 9, 55, 'Bekasi', '2021-11-29 07:22:14', '2021-11-29 07:22:14'),
(69, 9, 78, 'Bogor', '2021-11-29 07:22:14', '2021-11-29 07:22:14'),
(70, 9, 79, 'Bogor', '2021-11-29 07:22:14', '2021-11-29 07:22:14'),
(71, 9, 103, 'Ciamis', '2021-11-29 07:22:14', '2021-11-29 07:22:14'),
(72, 9, 104, 'Cianjur', '2021-11-29 07:22:14', '2021-11-29 07:22:14'),
(73, 9, 107, 'Cimahi', '2021-11-29 07:22:15', '2021-11-29 07:22:15'),
(74, 9, 108, 'Cirebon', '2021-11-29 07:22:15', '2021-11-29 07:22:15'),
(75, 9, 109, 'Cirebon', '2021-11-29 07:22:15', '2021-11-29 07:22:15'),
(76, 9, 115, 'Depok', '2021-11-29 07:22:15', '2021-11-29 07:22:15'),
(77, 9, 126, 'Garut', '2021-11-29 07:22:15', '2021-11-29 07:22:15'),
(78, 9, 149, 'Indramayu', '2021-11-29 07:22:15', '2021-11-29 07:22:15'),
(79, 9, 171, 'Karawang', '2021-11-29 07:22:15', '2021-11-29 07:22:15'),
(80, 9, 211, 'Kuningan', '2021-11-29 07:22:15', '2021-11-29 07:22:15'),
(81, 9, 252, 'Majalengka', '2021-11-29 07:22:15', '2021-11-29 07:22:15'),
(82, 9, 332, 'Pangandaran', '2021-11-29 07:22:15', '2021-11-29 07:22:15'),
(83, 9, 376, 'Purwakarta', '2021-11-29 07:22:15', '2021-11-29 07:22:15'),
(84, 9, 428, 'Subang', '2021-11-29 07:22:15', '2021-11-29 07:22:15'),
(85, 9, 430, 'Sukabumi', '2021-11-29 07:22:15', '2021-11-29 07:22:15'),
(86, 9, 431, 'Sukabumi', '2021-11-29 07:22:15', '2021-11-29 07:22:15'),
(87, 9, 440, 'Sumedang', '2021-11-29 07:22:15', '2021-11-29 07:22:15'),
(88, 9, 468, 'Tasikmalaya', '2021-11-29 07:22:15', '2021-11-29 07:22:15'),
(89, 9, 469, 'Tasikmalaya', '2021-11-29 07:22:16', '2021-11-29 07:22:16'),
(90, 10, 37, 'Banjarnegara', '2021-11-29 07:22:18', '2021-11-29 07:22:18'),
(91, 10, 41, 'Banyumas', '2021-11-29 07:22:18', '2021-11-29 07:22:18'),
(92, 10, 49, 'Batang', '2021-11-29 07:22:18', '2021-11-29 07:22:18'),
(93, 10, 76, 'Blora', '2021-11-29 07:22:18', '2021-11-29 07:22:18'),
(94, 10, 91, 'Boyolali', '2021-11-29 07:22:18', '2021-11-29 07:22:18'),
(95, 10, 92, 'Brebes', '2021-11-29 07:22:18', '2021-11-29 07:22:18'),
(96, 10, 105, 'Cilacap', '2021-11-29 07:22:18', '2021-11-29 07:22:18'),
(97, 10, 113, 'Demak', '2021-11-29 07:22:18', '2021-11-29 07:22:18'),
(98, 10, 134, 'Grobogan', '2021-11-29 07:22:18', '2021-11-29 07:22:18'),
(99, 10, 163, 'Jepara', '2021-11-29 07:22:18', '2021-11-29 07:22:18'),
(100, 10, 169, 'Karanganyar', '2021-11-29 07:22:18', '2021-11-29 07:22:18'),
(101, 10, 177, 'Kebumen', '2021-11-29 07:22:18', '2021-11-29 07:22:18'),
(102, 10, 181, 'Kendal', '2021-11-29 07:22:18', '2021-11-29 07:22:18'),
(103, 10, 196, 'Klaten', '2021-11-29 07:22:18', '2021-11-29 07:22:18'),
(104, 10, 209, 'Kudus', '2021-11-29 07:22:18', '2021-11-29 07:22:18'),
(105, 10, 249, 'Magelang', '2021-11-29 07:22:18', '2021-11-29 07:22:18'),
(106, 10, 250, 'Magelang', '2021-11-29 07:22:18', '2021-11-29 07:22:18'),
(107, 10, 344, 'Pati', '2021-11-29 07:22:18', '2021-11-29 07:22:18'),
(108, 10, 348, 'Pekalongan', '2021-11-29 07:22:18', '2021-11-29 07:22:18'),
(109, 10, 349, 'Pekalongan', '2021-11-29 07:22:18', '2021-11-29 07:22:18'),
(110, 10, 352, 'Pemalang', '2021-11-29 07:22:18', '2021-11-29 07:22:18'),
(111, 10, 375, 'Purbalingga', '2021-11-29 07:22:18', '2021-11-29 07:22:18'),
(112, 10, 377, 'Purworejo', '2021-11-29 07:22:19', '2021-11-29 07:22:19'),
(113, 10, 380, 'Rembang', '2021-11-29 07:22:19', '2021-11-29 07:22:19'),
(114, 10, 386, 'Salatiga', '2021-11-29 07:22:19', '2021-11-29 07:22:19'),
(115, 10, 398, 'Semarang', '2021-11-29 07:22:19', '2021-11-29 07:22:19'),
(116, 10, 399, 'Semarang', '2021-11-29 07:22:19', '2021-11-29 07:22:19'),
(117, 10, 427, 'Sragen', '2021-11-29 07:22:19', '2021-11-29 07:22:19'),
(118, 10, 433, 'Sukoharjo', '2021-11-29 07:22:19', '2021-11-29 07:22:19'),
(119, 10, 445, 'Surakarta (Solo)', '2021-11-29 07:22:19', '2021-11-29 07:22:19'),
(120, 10, 472, 'Tegal', '2021-11-29 07:22:19', '2021-11-29 07:22:19'),
(121, 10, 473, 'Tegal', '2021-11-29 07:22:19', '2021-11-29 07:22:19'),
(122, 10, 476, 'Temanggung', '2021-11-29 07:22:19', '2021-11-29 07:22:19'),
(123, 10, 497, 'Wonogiri', '2021-11-29 07:22:19', '2021-11-29 07:22:19'),
(124, 10, 498, 'Wonosobo', '2021-11-29 07:22:19', '2021-11-29 07:22:19'),
(125, 11, 31, 'Bangkalan', '2021-11-29 07:22:21', '2021-11-29 07:22:21'),
(126, 11, 42, 'Banyuwangi', '2021-11-29 07:22:21', '2021-11-29 07:22:21'),
(127, 11, 51, 'Batu', '2021-11-29 07:22:21', '2021-11-29 07:22:21'),
(128, 11, 74, 'Blitar', '2021-11-29 07:22:21', '2021-11-29 07:22:21'),
(129, 11, 75, 'Blitar', '2021-11-29 07:22:21', '2021-11-29 07:22:21'),
(130, 11, 80, 'Bojonegoro', '2021-11-29 07:22:21', '2021-11-29 07:22:21'),
(131, 11, 86, 'Bondowoso', '2021-11-29 07:22:21', '2021-11-29 07:22:21'),
(132, 11, 133, 'Gresik', '2021-11-29 07:22:21', '2021-11-29 07:22:21'),
(133, 11, 160, 'Jember', '2021-11-29 07:22:21', '2021-11-29 07:22:21'),
(134, 11, 164, 'Jombang', '2021-11-29 07:22:21', '2021-11-29 07:22:21'),
(135, 11, 178, 'Kediri', '2021-11-29 07:22:21', '2021-11-29 07:22:21'),
(136, 11, 179, 'Kediri', '2021-11-29 07:22:21', '2021-11-29 07:22:21'),
(137, 11, 222, 'Lamongan', '2021-11-29 07:22:22', '2021-11-29 07:22:22'),
(138, 11, 243, 'Lumajang', '2021-11-29 07:22:22', '2021-11-29 07:22:22'),
(139, 11, 247, 'Madiun', '2021-11-29 07:22:22', '2021-11-29 07:22:22'),
(140, 11, 248, 'Madiun', '2021-11-29 07:22:23', '2021-11-29 07:22:23'),
(141, 11, 251, 'Magetan', '2021-11-29 07:22:23', '2021-11-29 07:22:23'),
(142, 11, 255, 'Malang', '2021-11-29 07:22:23', '2021-11-29 07:22:23'),
(143, 11, 256, 'Malang', '2021-11-29 07:22:23', '2021-11-29 07:22:23'),
(144, 11, 289, 'Mojokerto', '2021-11-29 07:22:23', '2021-11-29 07:22:23'),
(145, 11, 290, 'Mojokerto', '2021-11-29 07:22:23', '2021-11-29 07:22:23'),
(146, 11, 305, 'Nganjuk', '2021-11-29 07:22:23', '2021-11-29 07:22:23'),
(147, 11, 306, 'Ngawi', '2021-11-29 07:22:24', '2021-11-29 07:22:24'),
(148, 11, 317, 'Pacitan', '2021-11-29 07:22:24', '2021-11-29 07:22:24'),
(149, 11, 330, 'Pamekasan', '2021-11-29 07:22:24', '2021-11-29 07:22:24'),
(150, 11, 342, 'Pasuruan', '2021-11-29 07:22:24', '2021-11-29 07:22:24'),
(151, 11, 343, 'Pasuruan', '2021-11-29 07:22:24', '2021-11-29 07:22:24'),
(152, 11, 363, 'Ponorogo', '2021-11-29 07:22:24', '2021-11-29 07:22:24'),
(153, 11, 369, 'Probolinggo', '2021-11-29 07:22:24', '2021-11-29 07:22:24'),
(154, 11, 370, 'Probolinggo', '2021-11-29 07:22:24', '2021-11-29 07:22:24'),
(155, 11, 390, 'Sampang', '2021-11-29 07:22:24', '2021-11-29 07:22:24'),
(156, 11, 409, 'Sidoarjo', '2021-11-29 07:22:24', '2021-11-29 07:22:24'),
(157, 11, 418, 'Situbondo', '2021-11-29 07:22:24', '2021-11-29 07:22:24'),
(158, 11, 441, 'Sumenep', '2021-11-29 07:22:24', '2021-11-29 07:22:24'),
(159, 11, 444, 'Surabaya', '2021-11-29 07:22:24', '2021-11-29 07:22:24'),
(160, 11, 487, 'Trenggalek', '2021-11-29 07:22:24', '2021-11-29 07:22:24'),
(161, 11, 489, 'Tuban', '2021-11-29 07:22:25', '2021-11-29 07:22:25'),
(162, 11, 492, 'Tulungagung', '2021-11-29 07:22:25', '2021-11-29 07:22:25'),
(163, 12, 61, 'Bengkayang', '2021-11-29 07:22:28', '2021-11-29 07:22:28'),
(164, 12, 168, 'Kapuas Hulu', '2021-11-29 07:22:28', '2021-11-29 07:22:28'),
(165, 12, 176, 'Kayong Utara', '2021-11-29 07:22:28', '2021-11-29 07:22:28'),
(166, 12, 195, 'Ketapang', '2021-11-29 07:22:28', '2021-11-29 07:22:28'),
(167, 12, 208, 'Kubu Raya', '2021-11-29 07:22:28', '2021-11-29 07:22:28'),
(168, 12, 228, 'Landak', '2021-11-29 07:22:28', '2021-11-29 07:22:28'),
(169, 12, 279, 'Melawi', '2021-11-29 07:22:29', '2021-11-29 07:22:29'),
(170, 12, 364, 'Pontianak', '2021-11-29 07:22:29', '2021-11-29 07:22:29'),
(171, 12, 365, 'Pontianak', '2021-11-29 07:22:29', '2021-11-29 07:22:29'),
(172, 12, 388, 'Sambas', '2021-11-29 07:22:29', '2021-11-29 07:22:29'),
(173, 12, 391, 'Sanggau', '2021-11-29 07:22:29', '2021-11-29 07:22:29'),
(174, 12, 395, 'Sekadau', '2021-11-29 07:22:29', '2021-11-29 07:22:29'),
(175, 12, 415, 'Singkawang', '2021-11-29 07:22:29', '2021-11-29 07:22:29'),
(176, 12, 417, 'Sintang', '2021-11-29 07:22:29', '2021-11-29 07:22:29'),
(177, 13, 18, 'Balangan', '2021-11-29 07:22:32', '2021-11-29 07:22:32'),
(178, 13, 33, 'Banjar', '2021-11-29 07:22:32', '2021-11-29 07:22:32'),
(179, 13, 35, 'Banjarbaru', '2021-11-29 07:22:32', '2021-11-29 07:22:32'),
(180, 13, 36, 'Banjarmasin', '2021-11-29 07:22:32', '2021-11-29 07:22:32'),
(181, 13, 43, 'Barito Kuala', '2021-11-29 07:22:32', '2021-11-29 07:22:32'),
(182, 13, 143, 'Hulu Sungai Selatan', '2021-11-29 07:22:32', '2021-11-29 07:22:32'),
(183, 13, 144, 'Hulu Sungai Tengah', '2021-11-29 07:22:32', '2021-11-29 07:22:32'),
(184, 13, 145, 'Hulu Sungai Utara', '2021-11-29 07:22:33', '2021-11-29 07:22:33'),
(185, 13, 203, 'Kotabaru', '2021-11-29 07:22:33', '2021-11-29 07:22:33'),
(186, 13, 446, 'Tabalong', '2021-11-29 07:22:33', '2021-11-29 07:22:33'),
(187, 13, 452, 'Tanah Bumbu', '2021-11-29 07:22:33', '2021-11-29 07:22:33'),
(188, 13, 454, 'Tanah Laut', '2021-11-29 07:22:33', '2021-11-29 07:22:33'),
(189, 13, 466, 'Tapin', '2021-11-29 07:22:33', '2021-11-29 07:22:33'),
(190, 14, 44, 'Barito Selatan', '2021-11-29 07:22:37', '2021-11-29 07:22:37'),
(191, 14, 45, 'Barito Timur', '2021-11-29 07:22:37', '2021-11-29 07:22:37'),
(192, 14, 46, 'Barito Utara', '2021-11-29 07:22:38', '2021-11-29 07:22:38'),
(193, 14, 136, 'Gunung Mas', '2021-11-29 07:22:38', '2021-11-29 07:22:38'),
(194, 14, 167, 'Kapuas', '2021-11-29 07:22:38', '2021-11-29 07:22:38'),
(195, 14, 174, 'Katingan', '2021-11-29 07:22:38', '2021-11-29 07:22:38'),
(196, 14, 205, 'Kotawaringin Barat', '2021-11-29 07:22:38', '2021-11-29 07:22:38'),
(197, 14, 206, 'Kotawaringin Timur', '2021-11-29 07:22:38', '2021-11-29 07:22:38'),
(198, 14, 221, 'Lamandau', '2021-11-29 07:22:38', '2021-11-29 07:22:38'),
(199, 14, 296, 'Murung Raya', '2021-11-29 07:22:38', '2021-11-29 07:22:38'),
(200, 14, 326, 'Palangka Raya', '2021-11-29 07:22:38', '2021-11-29 07:22:38'),
(201, 14, 371, 'Pulang Pisau', '2021-11-29 07:22:39', '2021-11-29 07:22:39'),
(202, 14, 405, 'Seruyan', '2021-11-29 07:22:39', '2021-11-29 07:22:39'),
(203, 14, 432, 'Sukamara', '2021-11-29 07:22:39', '2021-11-29 07:22:39'),
(204, 15, 19, 'Balikpapan', '2021-11-29 07:22:40', '2021-11-29 07:22:40'),
(205, 15, 66, 'Berau', '2021-11-29 07:22:41', '2021-11-29 07:22:41'),
(206, 15, 89, 'Bontang', '2021-11-29 07:22:41', '2021-11-29 07:22:41'),
(207, 15, 214, 'Kutai Barat', '2021-11-29 07:22:41', '2021-11-29 07:22:41'),
(208, 15, 215, 'Kutai Kartanegara', '2021-11-29 07:22:41', '2021-11-29 07:22:41'),
(209, 15, 216, 'Kutai Timur', '2021-11-29 07:22:41', '2021-11-29 07:22:41'),
(210, 15, 341, 'Paser', '2021-11-29 07:22:41', '2021-11-29 07:22:41'),
(211, 15, 354, 'Penajam Paser Utara', '2021-11-29 07:22:41', '2021-11-29 07:22:41'),
(212, 15, 387, 'Samarinda', '2021-11-29 07:22:41', '2021-11-29 07:22:41'),
(213, 16, 96, 'Bulungan (Bulongan)', '2021-11-29 07:22:45', '2021-11-29 07:22:45'),
(214, 16, 257, 'Malinau', '2021-11-29 07:22:45', '2021-11-29 07:22:45'),
(215, 16, 311, 'Nunukan', '2021-11-29 07:22:45', '2021-11-29 07:22:45'),
(216, 16, 450, 'Tana Tidung', '2021-11-29 07:22:45', '2021-11-29 07:22:45'),
(217, 16, 467, 'Tarakan', '2021-11-29 07:22:45', '2021-11-29 07:22:45'),
(218, 17, 48, 'Batam', '2021-11-29 07:22:47', '2021-11-29 07:22:47'),
(219, 17, 71, 'Bintan', '2021-11-29 07:22:47', '2021-11-29 07:22:47'),
(220, 17, 172, 'Karimun', '2021-11-29 07:22:48', '2021-11-29 07:22:48'),
(221, 17, 184, 'Kepulauan Anambas', '2021-11-29 07:22:48', '2021-11-29 07:22:48'),
(222, 17, 237, 'Lingga', '2021-11-29 07:22:48', '2021-11-29 07:22:48'),
(223, 17, 302, 'Natuna', '2021-11-29 07:22:48', '2021-11-29 07:22:48'),
(224, 17, 462, 'Tanjung Pinang', '2021-11-29 07:22:48', '2021-11-29 07:22:48'),
(225, 18, 21, 'Bandar Lampung', '2021-11-29 07:22:51', '2021-11-29 07:22:51'),
(226, 18, 223, 'Lampung Barat', '2021-11-29 07:22:51', '2021-11-29 07:22:51'),
(227, 18, 224, 'Lampung Selatan', '2021-11-29 07:22:51', '2021-11-29 07:22:51'),
(228, 18, 225, 'Lampung Tengah', '2021-11-29 07:22:51', '2021-11-29 07:22:51'),
(229, 18, 226, 'Lampung Timur', '2021-11-29 07:22:51', '2021-11-29 07:22:51'),
(230, 18, 227, 'Lampung Utara', '2021-11-29 07:22:51', '2021-11-29 07:22:51'),
(231, 18, 282, 'Mesuji', '2021-11-29 07:22:52', '2021-11-29 07:22:52'),
(232, 18, 283, 'Metro', '2021-11-29 07:22:52', '2021-11-29 07:22:52'),
(233, 18, 355, 'Pesawaran', '2021-11-29 07:22:52', '2021-11-29 07:22:52'),
(234, 18, 356, 'Pesisir Barat', '2021-11-29 07:22:52', '2021-11-29 07:22:52'),
(235, 18, 368, 'Pringsewu', '2021-11-29 07:22:52', '2021-11-29 07:22:52'),
(236, 18, 458, 'Tanggamus', '2021-11-29 07:22:52', '2021-11-29 07:22:52'),
(237, 18, 490, 'Tulang Bawang', '2021-11-29 07:22:52', '2021-11-29 07:22:52'),
(238, 18, 491, 'Tulang Bawang Barat', '2021-11-29 07:22:52', '2021-11-29 07:22:52'),
(239, 18, 496, 'Way Kanan', '2021-11-29 07:22:52', '2021-11-29 07:22:52'),
(240, 19, 14, 'Ambon', '2021-11-29 07:22:54', '2021-11-29 07:22:54'),
(241, 19, 99, 'Buru', '2021-11-29 07:22:54', '2021-11-29 07:22:54'),
(242, 19, 100, 'Buru Selatan', '2021-11-29 07:22:54', '2021-11-29 07:22:54'),
(243, 19, 185, 'Kepulauan Aru', '2021-11-29 07:22:55', '2021-11-29 07:22:55'),
(244, 19, 258, 'Maluku Barat Daya', '2021-11-29 07:22:55', '2021-11-29 07:22:55'),
(245, 19, 259, 'Maluku Tengah', '2021-11-29 07:22:55', '2021-11-29 07:22:55'),
(246, 19, 260, 'Maluku Tenggara', '2021-11-29 07:22:55', '2021-11-29 07:22:55'),
(247, 19, 261, 'Maluku Tenggara Barat', '2021-11-29 07:22:55', '2021-11-29 07:22:55'),
(248, 19, 400, 'Seram Bagian Barat', '2021-11-29 07:22:55', '2021-11-29 07:22:55'),
(249, 19, 401, 'Seram Bagian Timur', '2021-11-29 07:22:55', '2021-11-29 07:22:55'),
(250, 19, 488, 'Tual', '2021-11-29 07:22:55', '2021-11-29 07:22:55'),
(251, 20, 138, 'Halmahera Barat', '2021-11-29 07:23:00', '2021-11-29 07:23:00'),
(252, 20, 139, 'Halmahera Selatan', '2021-11-29 07:23:00', '2021-11-29 07:23:00'),
(253, 20, 140, 'Halmahera Tengah', '2021-11-29 07:23:00', '2021-11-29 07:23:00'),
(254, 20, 141, 'Halmahera Timur', '2021-11-29 07:23:01', '2021-11-29 07:23:01'),
(255, 20, 142, 'Halmahera Utara', '2021-11-29 07:23:01', '2021-11-29 07:23:01'),
(256, 20, 191, 'Kepulauan Sula', '2021-11-29 07:23:01', '2021-11-29 07:23:01'),
(257, 20, 372, 'Pulau Morotai', '2021-11-29 07:23:01', '2021-11-29 07:23:01'),
(258, 20, 477, 'Ternate', '2021-11-29 07:23:01', '2021-11-29 07:23:01'),
(259, 20, 478, 'Tidore Kepulauan', '2021-11-29 07:23:01', '2021-11-29 07:23:01'),
(260, 21, 1, 'Aceh Barat', '2021-11-29 07:23:04', '2021-11-29 07:23:04'),
(261, 21, 2, 'Aceh Barat Daya', '2021-11-29 07:23:04', '2021-11-29 07:23:04'),
(262, 21, 3, 'Aceh Besar', '2021-11-29 07:23:04', '2021-11-29 07:23:04'),
(263, 21, 4, 'Aceh Jaya', '2021-11-29 07:23:04', '2021-11-29 07:23:04'),
(264, 21, 5, 'Aceh Selatan', '2021-11-29 07:23:04', '2021-11-29 07:23:04'),
(265, 21, 6, 'Aceh Singkil', '2021-11-29 07:23:04', '2021-11-29 07:23:04'),
(266, 21, 7, 'Aceh Tamiang', '2021-11-29 07:23:04', '2021-11-29 07:23:04'),
(267, 21, 8, 'Aceh Tengah', '2021-11-29 07:23:04', '2021-11-29 07:23:04'),
(268, 21, 9, 'Aceh Tenggara', '2021-11-29 07:23:04', '2021-11-29 07:23:04'),
(269, 21, 10, 'Aceh Timur', '2021-11-29 07:23:04', '2021-11-29 07:23:04'),
(270, 21, 11, 'Aceh Utara', '2021-11-29 07:23:04', '2021-11-29 07:23:04'),
(271, 21, 20, 'Banda Aceh', '2021-11-29 07:23:05', '2021-11-29 07:23:05'),
(272, 21, 59, 'Bener Meriah', '2021-11-29 07:23:05', '2021-11-29 07:23:05'),
(273, 21, 72, 'Bireuen', '2021-11-29 07:23:05', '2021-11-29 07:23:05'),
(274, 21, 127, 'Gayo Lues', '2021-11-29 07:23:05', '2021-11-29 07:23:05'),
(275, 21, 230, 'Langsa', '2021-11-29 07:23:05', '2021-11-29 07:23:05'),
(276, 21, 235, 'Lhokseumawe', '2021-11-29 07:23:05', '2021-11-29 07:23:05'),
(277, 21, 300, 'Nagan Raya', '2021-11-29 07:23:05', '2021-11-29 07:23:05'),
(278, 21, 358, 'Pidie', '2021-11-29 07:23:05', '2021-11-29 07:23:05'),
(279, 21, 359, 'Pidie Jaya', '2021-11-29 07:23:05', '2021-11-29 07:23:05'),
(280, 21, 384, 'Sabang', '2021-11-29 07:23:05', '2021-11-29 07:23:05'),
(281, 21, 414, 'Simeulue', '2021-11-29 07:23:05', '2021-11-29 07:23:05'),
(282, 21, 429, 'Subulussalam', '2021-11-29 07:23:05', '2021-11-29 07:23:05'),
(283, 22, 68, 'Bima', '2021-11-29 07:23:09', '2021-11-29 07:23:09'),
(284, 22, 69, 'Bima', '2021-11-29 07:23:09', '2021-11-29 07:23:09'),
(285, 22, 118, 'Dompu', '2021-11-29 07:23:09', '2021-11-29 07:23:09'),
(286, 22, 238, 'Lombok Barat', '2021-11-29 07:23:09', '2021-11-29 07:23:09'),
(287, 22, 239, 'Lombok Tengah', '2021-11-29 07:23:09', '2021-11-29 07:23:09'),
(288, 22, 240, 'Lombok Timur', '2021-11-29 07:23:09', '2021-11-29 07:23:09'),
(289, 22, 241, 'Lombok Utara', '2021-11-29 07:23:09', '2021-11-29 07:23:09'),
(290, 22, 276, 'Mataram', '2021-11-29 07:23:09', '2021-11-29 07:23:09'),
(291, 22, 438, 'Sumbawa', '2021-11-29 07:23:10', '2021-11-29 07:23:10'),
(292, 22, 439, 'Sumbawa Barat', '2021-11-29 07:23:10', '2021-11-29 07:23:10'),
(293, 23, 13, 'Alor', '2021-11-29 07:23:15', '2021-11-29 07:23:15'),
(294, 23, 58, 'Belu', '2021-11-29 07:23:15', '2021-11-29 07:23:15'),
(295, 23, 122, 'Ende', '2021-11-29 07:23:15', '2021-11-29 07:23:15'),
(296, 23, 125, 'Flores Timur', '2021-11-29 07:23:15', '2021-11-29 07:23:15'),
(297, 23, 212, 'Kupang', '2021-11-29 07:23:16', '2021-11-29 07:23:16'),
(298, 23, 213, 'Kupang', '2021-11-29 07:23:16', '2021-11-29 07:23:16'),
(299, 23, 234, 'Lembata', '2021-11-29 07:23:16', '2021-11-29 07:23:16'),
(300, 23, 269, 'Manggarai', '2021-11-29 07:23:16', '2021-11-29 07:23:16'),
(301, 23, 270, 'Manggarai Barat', '2021-11-29 07:23:16', '2021-11-29 07:23:16'),
(302, 23, 271, 'Manggarai Timur', '2021-11-29 07:23:16', '2021-11-29 07:23:16'),
(303, 23, 301, 'Nagekeo', '2021-11-29 07:23:16', '2021-11-29 07:23:16'),
(304, 23, 304, 'Ngada', '2021-11-29 07:23:16', '2021-11-29 07:23:16'),
(305, 23, 383, 'Rote Ndao', '2021-11-29 07:23:16', '2021-11-29 07:23:16'),
(306, 23, 385, 'Sabu Raijua', '2021-11-29 07:23:16', '2021-11-29 07:23:16'),
(307, 23, 412, 'Sikka', '2021-11-29 07:23:16', '2021-11-29 07:23:16'),
(308, 23, 434, 'Sumba Barat', '2021-11-29 07:23:16', '2021-11-29 07:23:16'),
(309, 23, 435, 'Sumba Barat Daya', '2021-11-29 07:23:16', '2021-11-29 07:23:16'),
(310, 23, 436, 'Sumba Tengah', '2021-11-29 07:23:16', '2021-11-29 07:23:16'),
(311, 23, 437, 'Sumba Timur', '2021-11-29 07:23:16', '2021-11-29 07:23:16'),
(312, 23, 479, 'Timor Tengah Selatan', '2021-11-29 07:23:16', '2021-11-29 07:23:16'),
(313, 23, 480, 'Timor Tengah Utara', '2021-11-29 07:23:16', '2021-11-29 07:23:16'),
(314, 24, 16, 'Asmat', '2021-11-29 07:23:18', '2021-11-29 07:23:18'),
(315, 24, 67, 'Biak Numfor', '2021-11-29 07:23:18', '2021-11-29 07:23:18'),
(316, 24, 90, 'Boven Digoel', '2021-11-29 07:23:18', '2021-11-29 07:23:18'),
(317, 24, 111, 'Deiyai (Deliyai)', '2021-11-29 07:23:18', '2021-11-29 07:23:18'),
(318, 24, 117, 'Dogiyai', '2021-11-29 07:23:18', '2021-11-29 07:23:18'),
(319, 24, 150, 'Intan Jaya', '2021-11-29 07:23:18', '2021-11-29 07:23:18'),
(320, 24, 157, 'Jayapura', '2021-11-29 07:23:18', '2021-11-29 07:23:18'),
(321, 24, 158, 'Jayapura', '2021-11-29 07:23:18', '2021-11-29 07:23:18'),
(322, 24, 159, 'Jayawijaya', '2021-11-29 07:23:18', '2021-11-29 07:23:18'),
(323, 24, 180, 'Keerom', '2021-11-29 07:23:18', '2021-11-29 07:23:18'),
(324, 24, 193, 'Kepulauan Yapen (Yapen Waropen)', '2021-11-29 07:23:19', '2021-11-29 07:23:19'),
(325, 24, 231, 'Lanny Jaya', '2021-11-29 07:23:19', '2021-11-29 07:23:19'),
(326, 24, 263, 'Mamberamo Raya', '2021-11-29 07:23:19', '2021-11-29 07:23:19'),
(327, 24, 264, 'Mamberamo Tengah', '2021-11-29 07:23:19', '2021-11-29 07:23:19'),
(328, 24, 274, 'Mappi', '2021-11-29 07:23:19', '2021-11-29 07:23:19'),
(329, 24, 281, 'Merauke', '2021-11-29 07:23:19', '2021-11-29 07:23:19'),
(330, 24, 284, 'Mimika', '2021-11-29 07:23:19', '2021-11-29 07:23:19'),
(331, 24, 299, 'Nabire', '2021-11-29 07:23:19', '2021-11-29 07:23:19'),
(332, 24, 303, 'Nduga', '2021-11-29 07:23:19', '2021-11-29 07:23:19'),
(333, 24, 335, 'Paniai', '2021-11-29 07:23:19', '2021-11-29 07:23:19'),
(334, 24, 347, 'Pegunungan Bintang', '2021-11-29 07:23:19', '2021-11-29 07:23:19'),
(335, 24, 373, 'Puncak', '2021-11-29 07:23:19', '2021-11-29 07:23:19'),
(336, 24, 374, 'Puncak Jaya', '2021-11-29 07:23:19', '2021-11-29 07:23:19'),
(337, 24, 392, 'Sarmi', '2021-11-29 07:23:20', '2021-11-29 07:23:20'),
(338, 24, 443, 'Supiori', '2021-11-29 07:23:20', '2021-11-29 07:23:20'),
(339, 24, 484, 'Tolikara', '2021-11-29 07:23:20', '2021-11-29 07:23:20'),
(340, 24, 495, 'Waropen', '2021-11-29 07:23:20', '2021-11-29 07:23:20'),
(341, 24, 499, 'Yahukimo', '2021-11-29 07:23:20', '2021-11-29 07:23:20'),
(342, 24, 500, 'Yalimo', '2021-11-29 07:23:20', '2021-11-29 07:23:20'),
(343, 25, 124, 'Fakfak', '2021-11-29 07:23:29', '2021-11-29 07:23:29'),
(344, 25, 165, 'Kaimana', '2021-11-29 07:23:29', '2021-11-29 07:23:29'),
(345, 25, 272, 'Manokwari', '2021-11-29 07:23:29', '2021-11-29 07:23:29'),
(346, 25, 273, 'Manokwari Selatan', '2021-11-29 07:23:29', '2021-11-29 07:23:29'),
(347, 25, 277, 'Maybrat', '2021-11-29 07:23:29', '2021-11-29 07:23:29'),
(348, 25, 346, 'Pegunungan Arfak', '2021-11-29 07:23:29', '2021-11-29 07:23:29'),
(349, 25, 378, 'Raja Ampat', '2021-11-29 07:23:29', '2021-11-29 07:23:29'),
(350, 25, 424, 'Sorong', '2021-11-29 07:23:29', '2021-11-29 07:23:29'),
(351, 25, 425, 'Sorong', '2021-11-29 07:23:29', '2021-11-29 07:23:29'),
(352, 25, 426, 'Sorong Selatan', '2021-11-29 07:23:29', '2021-11-29 07:23:29'),
(353, 25, 449, 'Tambrauw', '2021-11-29 07:23:29', '2021-11-29 07:23:29'),
(354, 25, 474, 'Teluk Bintuni', '2021-11-29 07:23:29', '2021-11-29 07:23:29'),
(355, 25, 475, 'Teluk Wondama', '2021-11-29 07:23:29', '2021-11-29 07:23:29'),
(356, 26, 60, 'Bengkalis', '2021-11-29 07:23:32', '2021-11-29 07:23:32'),
(357, 26, 120, 'Dumai', '2021-11-29 07:23:32', '2021-11-29 07:23:32'),
(358, 26, 147, 'Indragiri Hilir', '2021-11-29 07:23:32', '2021-11-29 07:23:32'),
(359, 26, 148, 'Indragiri Hulu', '2021-11-29 07:23:32', '2021-11-29 07:23:32'),
(360, 26, 166, 'Kampar', '2021-11-29 07:23:32', '2021-11-29 07:23:32'),
(361, 26, 187, 'Kepulauan Meranti', '2021-11-29 07:23:32', '2021-11-29 07:23:32'),
(362, 26, 207, 'Kuantan Singingi', '2021-11-29 07:23:32', '2021-11-29 07:23:32'),
(363, 26, 350, 'Pekanbaru', '2021-11-29 07:23:32', '2021-11-29 07:23:32'),
(364, 26, 351, 'Pelalawan', '2021-11-29 07:23:32', '2021-11-29 07:23:32'),
(365, 26, 381, 'Rokan Hilir', '2021-11-29 07:23:32', '2021-11-29 07:23:32'),
(366, 26, 382, 'Rokan Hulu', '2021-11-29 07:23:32', '2021-11-29 07:23:32'),
(367, 26, 406, 'Siak', '2021-11-29 07:23:32', '2021-11-29 07:23:32'),
(368, 27, 253, 'Majene', '2021-11-29 07:23:34', '2021-11-29 07:23:34'),
(369, 27, 262, 'Mamasa', '2021-11-29 07:23:34', '2021-11-29 07:23:34'),
(370, 27, 265, 'Mamuju', '2021-11-29 07:23:34', '2021-11-29 07:23:34'),
(371, 27, 266, 'Mamuju Utara', '2021-11-29 07:23:34', '2021-11-29 07:23:34'),
(372, 27, 362, 'Polewali Mandar', '2021-11-29 07:23:34', '2021-11-29 07:23:34'),
(373, 28, 38, 'Bantaeng', '2021-11-29 07:23:39', '2021-11-29 07:23:39'),
(374, 28, 47, 'Barru', '2021-11-29 07:23:39', '2021-11-29 07:23:39'),
(375, 28, 87, 'Bone', '2021-11-29 07:23:39', '2021-11-29 07:23:39'),
(376, 28, 95, 'Bulukumba', '2021-11-29 07:23:39', '2021-11-29 07:23:39'),
(377, 28, 123, 'Enrekang', '2021-11-29 07:23:39', '2021-11-29 07:23:39'),
(378, 28, 132, 'Gowa', '2021-11-29 07:23:40', '2021-11-29 07:23:40'),
(379, 28, 162, 'Jeneponto', '2021-11-29 07:23:40', '2021-11-29 07:23:40'),
(380, 28, 244, 'Luwu', '2021-11-29 07:23:40', '2021-11-29 07:23:40'),
(381, 28, 245, 'Luwu Timur', '2021-11-29 07:23:40', '2021-11-29 07:23:40'),
(382, 28, 246, 'Luwu Utara', '2021-11-29 07:23:40', '2021-11-29 07:23:40'),
(383, 28, 254, 'Makassar', '2021-11-29 07:23:40', '2021-11-29 07:23:40'),
(384, 28, 275, 'Maros', '2021-11-29 07:23:40', '2021-11-29 07:23:40'),
(385, 28, 328, 'Palopo', '2021-11-29 07:23:40', '2021-11-29 07:23:40'),
(386, 28, 333, 'Pangkajene Kepulauan', '2021-11-29 07:23:40', '2021-11-29 07:23:40'),
(387, 28, 336, 'Parepare', '2021-11-29 07:23:40', '2021-11-29 07:23:40'),
(388, 28, 360, 'Pinrang', '2021-11-29 07:23:40', '2021-11-29 07:23:40'),
(389, 28, 396, 'Selayar (Kepulauan Selayar)', '2021-11-29 07:23:40', '2021-11-29 07:23:40'),
(390, 28, 408, 'Sidenreng Rappang/Rapang', '2021-11-29 07:23:41', '2021-11-29 07:23:41'),
(391, 28, 416, 'Sinjai', '2021-11-29 07:23:41', '2021-11-29 07:23:41'),
(392, 28, 423, 'Soppeng', '2021-11-29 07:23:41', '2021-11-29 07:23:41'),
(393, 28, 448, 'Takalar', '2021-11-29 07:23:41', '2021-11-29 07:23:41'),
(394, 28, 451, 'Tana Toraja', '2021-11-29 07:23:41', '2021-11-29 07:23:41'),
(395, 28, 486, 'Toraja Utara', '2021-11-29 07:23:41', '2021-11-29 07:23:41'),
(396, 28, 493, 'Wajo', '2021-11-29 07:23:41', '2021-11-29 07:23:41'),
(397, 29, 25, 'Banggai', '2021-11-29 07:23:46', '2021-11-29 07:23:46'),
(398, 29, 26, 'Banggai Kepulauan', '2021-11-29 07:23:46', '2021-11-29 07:23:46'),
(399, 29, 98, 'Buol', '2021-11-29 07:23:46', '2021-11-29 07:23:46'),
(400, 29, 119, 'Donggala', '2021-11-29 07:23:46', '2021-11-29 07:23:46'),
(401, 29, 291, 'Morowali', '2021-11-29 07:23:46', '2021-11-29 07:23:46'),
(402, 29, 329, 'Palu', '2021-11-29 07:23:46', '2021-11-29 07:23:46'),
(403, 29, 338, 'Parigi Moutong', '2021-11-29 07:23:46', '2021-11-29 07:23:46'),
(404, 29, 366, 'Poso', '2021-11-29 07:23:46', '2021-11-29 07:23:46'),
(405, 29, 410, 'Sigi', '2021-11-29 07:23:46', '2021-11-29 07:23:46'),
(406, 29, 482, 'Tojo Una-Una', '2021-11-29 07:23:46', '2021-11-29 07:23:46'),
(407, 29, 483, 'Toli-Toli', '2021-11-29 07:23:46', '2021-11-29 07:23:46'),
(408, 30, 53, 'Bau-Bau', '2021-11-29 07:23:48', '2021-11-29 07:23:48'),
(409, 30, 85, 'Bombana', '2021-11-29 07:23:48', '2021-11-29 07:23:48'),
(410, 30, 101, 'Buton', '2021-11-29 07:23:48', '2021-11-29 07:23:48'),
(411, 30, 102, 'Buton Utara', '2021-11-29 07:23:48', '2021-11-29 07:23:48'),
(412, 30, 182, 'Kendari', '2021-11-29 07:23:48', '2021-11-29 07:23:48'),
(413, 30, 198, 'Kolaka', '2021-11-29 07:23:48', '2021-11-29 07:23:48'),
(414, 30, 199, 'Kolaka Utara', '2021-11-29 07:23:48', '2021-11-29 07:23:48'),
(415, 30, 200, 'Konawe', '2021-11-29 07:23:48', '2021-11-29 07:23:48'),
(416, 30, 201, 'Konawe Selatan', '2021-11-29 07:23:48', '2021-11-29 07:23:48'),
(417, 30, 202, 'Konawe Utara', '2021-11-29 07:23:48', '2021-11-29 07:23:48'),
(418, 30, 295, 'Muna', '2021-11-29 07:23:49', '2021-11-29 07:23:49'),
(419, 30, 494, 'Wakatobi', '2021-11-29 07:23:49', '2021-11-29 07:23:49'),
(420, 31, 73, 'Bitung', '2021-11-29 07:23:51', '2021-11-29 07:23:51'),
(421, 31, 81, 'Bolaang Mongondow (Bolmong)', '2021-11-29 07:23:51', '2021-11-29 07:23:51'),
(422, 31, 82, 'Bolaang Mongondow Selatan', '2021-11-29 07:23:52', '2021-11-29 07:23:52'),
(423, 31, 83, 'Bolaang Mongondow Timur', '2021-11-29 07:23:52', '2021-11-29 07:23:52'),
(424, 31, 84, 'Bolaang Mongondow Utara', '2021-11-29 07:23:52', '2021-11-29 07:23:52'),
(425, 31, 188, 'Kepulauan Sangihe', '2021-11-29 07:23:52', '2021-11-29 07:23:52'),
(426, 31, 190, 'Kepulauan Siau Tagulandang Biaro (Sitaro)', '2021-11-29 07:23:52', '2021-11-29 07:23:52'),
(427, 31, 192, 'Kepulauan Talaud', '2021-11-29 07:23:52', '2021-11-29 07:23:52'),
(428, 31, 204, 'Kotamobagu', '2021-11-29 07:23:52', '2021-11-29 07:23:52'),
(429, 31, 267, 'Manado', '2021-11-29 07:23:52', '2021-11-29 07:23:52'),
(430, 31, 285, 'Minahasa', '2021-11-29 07:23:52', '2021-11-29 07:23:52'),
(431, 31, 286, 'Minahasa Selatan', '2021-11-29 07:23:52', '2021-11-29 07:23:52'),
(432, 31, 287, 'Minahasa Tenggara', '2021-11-29 07:23:53', '2021-11-29 07:23:53'),
(433, 31, 288, 'Minahasa Utara', '2021-11-29 07:23:53', '2021-11-29 07:23:53'),
(434, 31, 485, 'Tomohon', '2021-11-29 07:23:53', '2021-11-29 07:23:53'),
(435, 32, 12, 'Agam', '2021-11-29 07:23:58', '2021-11-29 07:23:58'),
(436, 32, 93, 'Bukittinggi', '2021-11-29 07:23:58', '2021-11-29 07:23:58'),
(437, 32, 116, 'Dharmasraya', '2021-11-29 07:23:58', '2021-11-29 07:23:58'),
(438, 32, 186, 'Kepulauan Mentawai', '2021-11-29 07:23:59', '2021-11-29 07:23:59'),
(439, 32, 236, 'Lima Puluh Koto/Kota', '2021-11-29 07:23:59', '2021-11-29 07:23:59'),
(440, 32, 318, 'Padang', '2021-11-29 07:23:59', '2021-11-29 07:23:59'),
(441, 32, 321, 'Padang Panjang', '2021-11-29 07:23:59', '2021-11-29 07:23:59'),
(442, 32, 322, 'Padang Pariaman', '2021-11-29 07:23:59', '2021-11-29 07:23:59'),
(443, 32, 337, 'Pariaman', '2021-11-29 07:23:59', '2021-11-29 07:23:59'),
(444, 32, 339, 'Pasaman', '2021-11-29 07:23:59', '2021-11-29 07:23:59'),
(445, 32, 340, 'Pasaman Barat', '2021-11-29 07:23:59', '2021-11-29 07:23:59'),
(446, 32, 345, 'Payakumbuh', '2021-11-29 07:23:59', '2021-11-29 07:23:59'),
(447, 32, 357, 'Pesisir Selatan', '2021-11-29 07:23:59', '2021-11-29 07:23:59'),
(448, 32, 394, 'Sawah Lunto', '2021-11-29 07:23:59', '2021-11-29 07:23:59'),
(449, 32, 411, 'Sijunjung (Sawah Lunto Sijunjung)', '2021-11-29 07:23:59', '2021-11-29 07:23:59'),
(450, 32, 420, 'Solok', '2021-11-29 07:23:59', '2021-11-29 07:23:59'),
(451, 32, 421, 'Solok', '2021-11-29 07:23:59', '2021-11-29 07:23:59'),
(452, 32, 422, 'Solok Selatan', '2021-11-29 07:24:00', '2021-11-29 07:24:00'),
(453, 32, 453, 'Tanah Datar', '2021-11-29 07:24:00', '2021-11-29 07:24:00'),
(454, 33, 40, 'Banyuasin', '2021-11-29 07:24:01', '2021-11-29 07:24:01'),
(455, 33, 121, 'Empat Lawang', '2021-11-29 07:24:02', '2021-11-29 07:24:02'),
(456, 33, 220, 'Lahat', '2021-11-29 07:24:02', '2021-11-29 07:24:02'),
(457, 33, 242, 'Lubuk Linggau', '2021-11-29 07:24:02', '2021-11-29 07:24:02'),
(458, 33, 292, 'Muara Enim', '2021-11-29 07:24:02', '2021-11-29 07:24:02'),
(459, 33, 297, 'Musi Banyuasin', '2021-11-29 07:24:02', '2021-11-29 07:24:02'),
(460, 33, 298, 'Musi Rawas', '2021-11-29 07:24:02', '2021-11-29 07:24:02'),
(461, 33, 312, 'Ogan Ilir', '2021-11-29 07:24:02', '2021-11-29 07:24:02'),
(462, 33, 313, 'Ogan Komering Ilir', '2021-11-29 07:24:02', '2021-11-29 07:24:02'),
(463, 33, 314, 'Ogan Komering Ulu', '2021-11-29 07:24:02', '2021-11-29 07:24:02'),
(464, 33, 315, 'Ogan Komering Ulu Selatan', '2021-11-29 07:24:02', '2021-11-29 07:24:02'),
(465, 33, 316, 'Ogan Komering Ulu Timur', '2021-11-29 07:24:02', '2021-11-29 07:24:02'),
(466, 33, 324, 'Pagar Alam', '2021-11-29 07:24:02', '2021-11-29 07:24:02'),
(467, 33, 327, 'Palembang', '2021-11-29 07:24:02', '2021-11-29 07:24:02'),
(468, 33, 367, 'Prabumulih', '2021-11-29 07:24:02', '2021-11-29 07:24:02'),
(469, 34, 15, 'Asahan', '2021-11-29 07:24:05', '2021-11-29 07:24:05'),
(470, 34, 52, 'Batu Bara', '2021-11-29 07:24:05', '2021-11-29 07:24:05'),
(471, 34, 70, 'Binjai', '2021-11-29 07:24:05', '2021-11-29 07:24:05'),
(472, 34, 110, 'Dairi', '2021-11-29 07:24:05', '2021-11-29 07:24:05'),
(473, 34, 112, 'Deli Serdang', '2021-11-29 07:24:05', '2021-11-29 07:24:05'),
(474, 34, 137, 'Gunungsitoli', '2021-11-29 07:24:05', '2021-11-29 07:24:05'),
(475, 34, 146, 'Humbang Hasundutan', '2021-11-29 07:24:05', '2021-11-29 07:24:05'),
(476, 34, 173, 'Karo', '2021-11-29 07:24:05', '2021-11-29 07:24:05'),
(477, 34, 217, 'Labuhan Batu', '2021-11-29 07:24:05', '2021-11-29 07:24:05'),
(478, 34, 218, 'Labuhan Batu Selatan', '2021-11-29 07:24:05', '2021-11-29 07:24:05'),
(479, 34, 219, 'Labuhan Batu Utara', '2021-11-29 07:24:06', '2021-11-29 07:24:06'),
(480, 34, 229, 'Langkat', '2021-11-29 07:24:06', '2021-11-29 07:24:06'),
(481, 34, 268, 'Mandailing Natal', '2021-11-29 07:24:06', '2021-11-29 07:24:06'),
(482, 34, 278, 'Medan', '2021-11-29 07:24:06', '2021-11-29 07:24:06'),
(483, 34, 307, 'Nias', '2021-11-29 07:24:06', '2021-11-29 07:24:06'),
(484, 34, 308, 'Nias Barat', '2021-11-29 07:24:06', '2021-11-29 07:24:06'),
(485, 34, 309, 'Nias Selatan', '2021-11-29 07:24:06', '2021-11-29 07:24:06'),
(486, 34, 310, 'Nias Utara', '2021-11-29 07:24:06', '2021-11-29 07:24:06'),
(487, 34, 319, 'Padang Lawas', '2021-11-29 07:24:06', '2021-11-29 07:24:06'),
(488, 34, 320, 'Padang Lawas Utara', '2021-11-29 07:24:06', '2021-11-29 07:24:06'),
(489, 34, 323, 'Padang Sidempuan', '2021-11-29 07:24:06', '2021-11-29 07:24:06'),
(490, 34, 325, 'Pakpak Bharat', '2021-11-29 07:24:06', '2021-11-29 07:24:06'),
(491, 34, 353, 'Pematang Siantar', '2021-11-29 07:24:06', '2021-11-29 07:24:06'),
(492, 34, 389, 'Samosir', '2021-11-29 07:24:06', '2021-11-29 07:24:06'),
(493, 34, 404, 'Serdang Bedagai', '2021-11-29 07:24:06', '2021-11-29 07:24:06'),
(494, 34, 407, 'Sibolga', '2021-11-29 07:24:06', '2021-11-29 07:24:06'),
(495, 34, 413, 'Simalungun', '2021-11-29 07:24:06', '2021-11-29 07:24:06'),
(496, 34, 459, 'Tanjung Balai', '2021-11-29 07:24:06', '2021-11-29 07:24:06'),
(497, 34, 463, 'Tapanuli Selatan', '2021-11-29 07:24:07', '2021-11-29 07:24:07'),
(498, 34, 464, 'Tapanuli Tengah', '2021-11-29 07:24:07', '2021-11-29 07:24:07'),
(499, 34, 465, 'Tapanuli Utara', '2021-11-29 07:24:07', '2021-11-29 07:24:07'),
(500, 34, 470, 'Tebing Tinggi', '2021-11-29 07:24:07', '2021-11-29 07:24:07'),
(501, 34, 481, 'Toba Samosir', '2021-11-29 07:24:07', '2021-11-29 07:24:07');

-- --------------------------------------------------------

--
-- Table structure for table `couriers`
--

CREATE TABLE `couriers` (
  `id` bigint(20) UNSIGNED NOT NULL,
  `code` varchar(255) COLLATE utf8mb4_unicode_ci NOT NULL,
  `expedition_name` varchar(255) COLLATE utf8mb4_unicode_ci NOT NULL,
  `created_at` timestamp NULL DEFAULT NULL,
  `updated_at` timestamp NULL DEFAULT NULL
) ENGINE=InnoDB DEFAULT CHARSET=utf8mb4 COLLATE=utf8mb4_unicode_ci;

--
-- Dumping data for table `couriers`
--

INSERT INTO `couriers` (`id`, `code`, `expedition_name`, `created_at`, `updated_at`) VALUES
(1, 'jne', 'JNE', NULL, NULL),
(2, 'pos', 'POS', NULL, NULL),
(3, 'tiki', 'TIKI', NULL, NULL);

-- --------------------------------------------------------

--
-- Table structure for table `expeditions`
--

CREATE TABLE `expeditions` (
  `id` bigint(20) UNSIGNED NOT NULL,
  `bill_id` bigint(20) UNSIGNED NOT NULL,
  `postal_code` varchar(10) COLLATE utf8mb4_unicode_ci DEFAULT NULL,
  `courier` varchar(255) COLLATE utf8mb4_unicode_ci NOT NULL,
  `service` varchar(255) COLLATE utf8mb4_unicode_ci NOT NULL,
  `cost` varchar(255) COLLATE utf8mb4_unicode_ci NOT NULL,
  `etd` varchar(255) COLLATE utf8mb4_unicode_ci NOT NULL,
  `weight` varchar(255) COLLATE utf8mb4_unicode_ci NOT NULL,
  `city_origin` int(11) NOT NULL,
  `city_destination` int(11) NOT NULL,
  `created_at` timestamp NULL DEFAULT NULL,
  `updated_at` timestamp NULL DEFAULT NULL
) ENGINE=InnoDB DEFAULT CHARSET=utf8mb4 COLLATE=utf8mb4_unicode_ci;

--
-- Dumping data for table `expeditions`
--

INSERT INTO `expeditions` (`id`, `bill_id`, `postal_code`, `courier`, `service`, `cost`, `etd`, `weight`, `city_origin`, `city_destination`, `created_at`, `updated_at`) VALUES
(6, 23, '22212', 'jne', 'REG', '15000', '2-3', '380', 110, 70, '2021-11-30 09:29:15', '2021-11-30 09:29:15'),
(9, 26, '22212', 'jne', 'OKE', '47000', '3-4', '380', 110, 419, '2021-11-30 19:34:36', '2021-11-30 19:34:36'),
(14, 31, '22211', 'jne', 'OKE', '88000', '3-4', '1500', 110, 331, '2021-12-07 03:37:35', '2021-12-07 03:37:35'),
(18, 35, '22211', 'jne', 'OKE', '144000', '3-4', '2500', 110, 114, '2021-12-14 21:57:58', '2021-12-14 21:57:58'),
(19, 36, '22212', 'jne', 'OKE', '66000', '4-5', '780', 110, 27, '2021-12-14 22:16:33', '2021-12-14 22:16:33');

-- --------------------------------------------------------

--
-- Table structure for table `failed_jobs`
--

CREATE TABLE `failed_jobs` (
  `id` bigint(20) UNSIGNED NOT NULL,
  `uuid` varchar(255) COLLATE utf8mb4_unicode_ci NOT NULL,
  `connection` text COLLATE utf8mb4_unicode_ci NOT NULL,
  `queue` text COLLATE utf8mb4_unicode_ci NOT NULL,
  `payload` longtext COLLATE utf8mb4_unicode_ci NOT NULL,
  `exception` longtext COLLATE utf8mb4_unicode_ci NOT NULL,
  `failed_at` timestamp NOT NULL DEFAULT current_timestamp()
) ENGINE=InnoDB DEFAULT CHARSET=utf8mb4 COLLATE=utf8mb4_unicode_ci;

-- --------------------------------------------------------

--
-- Table structure for table `locations`
--

CREATE TABLE `locations` (
  `id` bigint(20) UNSIGNED NOT NULL,
  `province` int(11) NOT NULL,
  `city` int(11) NOT NULL,
  `created_at` timestamp NULL DEFAULT NULL,
  `updated_at` timestamp NULL DEFAULT NULL
) ENGINE=InnoDB DEFAULT CHARSET=utf8mb4 COLLATE=utf8mb4_unicode_ci;

--
-- Dumping data for table `locations`
--

INSERT INTO `locations` (`id`, `province`, `city`, `created_at`, `updated_at`) VALUES
(1, 34, 110, NULL, NULL);

-- --------------------------------------------------------

--
-- Table structure for table `migrations`
--

CREATE TABLE `migrations` (
  `id` int(10) UNSIGNED NOT NULL,
  `migration` varchar(255) COLLATE utf8mb4_unicode_ci NOT NULL,
  `batch` int(11) NOT NULL
) ENGINE=InnoDB DEFAULT CHARSET=utf8mb4 COLLATE=utf8mb4_unicode_ci;

--
-- Dumping data for table `migrations`
--

INSERT INTO `migrations` (`id`, `migration`, `batch`) VALUES
(1, '2014_10_12_000000_create_users_table', 1),
(2, '2014_10_12_100000_create_password_resets_table', 1),
(3, '2019_08_19_000000_create_failed_jobs_table', 1),
(4, '2019_12_14_000001_create_personal_access_tokens_table', 1),
(5, '2021_10_30_065107_create_products_table', 2),
(6, '2021_11_12_124800_create_carts_table', 3),
(8, '2021_11_13_005115_create_carts_table', 4),
(9, '2021_11_23_160829_create_carts_table', 5),
(10, '2021_11_23_163749_create_carts_table', 6),
(11, '2021_11_26_164627_create_bills_table', 7),
(12, '2021_11_27_063901_create_cart_details_table', 8),
(13, '2021_11_29_141203_create_provinces_table', 9),
(14, '2021_11_29_141235_create_cities_table', 9),
(15, '2021_11_29_141300_create_couriers_table', 9),
(16, '2021_11_29_150455_create_locations_table', 10),
(17, '2021_11_29_183030_create_expeditions_table', 11);

-- --------------------------------------------------------

--
-- Table structure for table `password_resets`
--

CREATE TABLE `password_resets` (
  `email` varchar(255) COLLATE utf8mb4_unicode_ci NOT NULL,
  `token` varchar(255) COLLATE utf8mb4_unicode_ci NOT NULL,
  `created_at` timestamp NULL DEFAULT NULL
) ENGINE=InnoDB DEFAULT CHARSET=utf8mb4 COLLATE=utf8mb4_unicode_ci;

--
-- Dumping data for table `password_resets`
--

INSERT INTO `password_resets` (`email`, `token`, `created_at`) VALUES
('annelismellema@gmail.com', '$2y$10$SSIfQRizMHJ0UQ4NHwAAV.xDg7V1OQslvfVD1QCzCraiDipRIF8mW', '2021-11-30 21:35:49');

-- --------------------------------------------------------

--
-- Table structure for table `personal_access_tokens`
--

CREATE TABLE `personal_access_tokens` (
  `id` bigint(20) UNSIGNED NOT NULL,
  `tokenable_type` varchar(255) COLLATE utf8mb4_unicode_ci NOT NULL,
  `tokenable_id` bigint(20) UNSIGNED NOT NULL,
  `name` varchar(255) COLLATE utf8mb4_unicode_ci NOT NULL,
  `token` varchar(64) COLLATE utf8mb4_unicode_ci NOT NULL,
  `abilities` text COLLATE utf8mb4_unicode_ci DEFAULT NULL,
  `last_used_at` timestamp NULL DEFAULT NULL,
  `created_at` timestamp NULL DEFAULT NULL,
  `updated_at` timestamp NULL DEFAULT NULL
) ENGINE=InnoDB DEFAULT CHARSET=utf8mb4 COLLATE=utf8mb4_unicode_ci;

-- --------------------------------------------------------

--
-- Table structure for table `products`
--

CREATE TABLE `products` (
  `id` bigint(20) UNSIGNED NOT NULL,
  `nama_produk` varchar(255) COLLATE utf8mb4_unicode_ci NOT NULL,
  `gambar` varchar(255) COLLATE utf8mb4_unicode_ci NOT NULL,
  `harga` bigint(255) NOT NULL,
  `masa_preorder` varchar(255) COLLATE utf8mb4_unicode_ci NOT NULL DEFAULT '1 Hari',
  `kondisi_produk` varchar(255) COLLATE utf8mb4_unicode_ci NOT NULL DEFAULT 'Full-washed',
  `berat` varchar(255) COLLATE utf8mb4_unicode_ci NOT NULL DEFAULT '100gr',
  `deskripsi` text COLLATE utf8mb4_unicode_ci NOT NULL,
  `stock` int(11) NOT NULL,
  `created_at` timestamp NULL DEFAULT NULL,
  `updated_at` timestamp NULL DEFAULT NULL
) ENGINE=InnoDB DEFAULT CHARSET=utf8mb4 COLLATE=utf8mb4_unicode_ci;

--
-- Dumping data for table `products`
--

INSERT INTO `products` (`id`, `nama_produk`, `gambar`, `harga`, `masa_preorder`, `kondisi_produk`, `berat`, `deskripsi`, `stock`, `created_at`, `updated_at`) VALUES
(1, 'Bubuk Kopi Robusta', 'lico2.jpeg', 22000, '7', 'Bubuk kopi', '280', 'Produk yang dijual merupakan produk dalam kondisi baru, diproses setelah dipesan.', 958, NULL, NULL),
(2, 'Arabica Green Bean', 'lico6.jpg', 100000, '10', 'Biji kopi semi-washed', '1000', 'Produk yang dijual merupakan produk dalam kondisi baru, diproses setelah dipesan.', 9, NULL, NULL),
(4, 'Bubuk Kopi Arabika', 'lico3.jpg', 150000, '', 'Bubuk kopi', '500', 'Bubuk kopi Arabika premium, single origin Sidikalang. Kopi dalam kondisi medium-dark.', 3, NULL, '2021-12-12 08:48:37'),
(5, 'Arabica Green Bean (Natural Processed)', 'lico8.jpg', 150000, '14', 'Biji kopi', '1000', 'Produk yang dijual merupakan produk dalam kondisi baru, diproses setelah dipesan.', 10, NULL, NULL),
(6, 'Arabica Green Bean (Grade A)', 'lico9.jpg', 100000, '14', 'Full-washed', '1000', 'Kopi akan dikirim dalam kondisi segar, sebab diproses setelah dipesan.', 10, NULL, NULL);

-- --------------------------------------------------------

--
-- Table structure for table `provinces`
--

CREATE TABLE `provinces` (
  `id` bigint(20) UNSIGNED NOT NULL,
  `province_id` int(10) UNSIGNED NOT NULL,
  `province_name` varchar(255) COLLATE utf8mb4_unicode_ci NOT NULL,
  `created_at` timestamp NULL DEFAULT NULL,
  `updated_at` timestamp NULL DEFAULT NULL
) ENGINE=InnoDB DEFAULT CHARSET=utf8mb4 COLLATE=utf8mb4_unicode_ci;

--
-- Dumping data for table `provinces`
--

INSERT INTO `provinces` (`id`, `province_id`, `province_name`, `created_at`, `updated_at`) VALUES
(1, 1, 'Bali', '2021-11-29 07:21:47', '2021-11-29 07:21:47'),
(2, 2, 'Bangka Belitung', '2021-11-29 07:21:50', '2021-11-29 07:21:50'),
(3, 3, 'Banten', '2021-11-29 07:21:52', '2021-11-29 07:21:52'),
(4, 4, 'Bengkulu', '2021-11-29 07:21:58', '2021-11-29 07:21:58'),
(5, 5, 'DI Yogyakarta', '2021-11-29 07:22:00', '2021-11-29 07:22:00'),
(6, 6, 'DKI Jakarta', '2021-11-29 07:22:02', '2021-11-29 07:22:02'),
(7, 7, 'Gorontalo', '2021-11-29 07:22:05', '2021-11-29 07:22:05'),
(8, 8, 'Jambi', '2021-11-29 07:22:07', '2021-11-29 07:22:07'),
(9, 9, 'Jawa Barat', '2021-11-29 07:22:11', '2021-11-29 07:22:11'),
(10, 10, 'Jawa Tengah', '2021-11-29 07:22:16', '2021-11-29 07:22:16'),
(11, 11, 'Jawa Timur', '2021-11-29 07:22:19', '2021-11-29 07:22:19'),
(12, 12, 'Kalimantan Barat', '2021-11-29 07:22:25', '2021-11-29 07:22:25'),
(13, 13, 'Kalimantan Selatan', '2021-11-29 07:22:29', '2021-11-29 07:22:29'),
(14, 14, 'Kalimantan Tengah', '2021-11-29 07:22:34', '2021-11-29 07:22:34'),
(15, 15, 'Kalimantan Timur', '2021-11-29 07:22:39', '2021-11-29 07:22:39'),
(16, 16, 'Kalimantan Utara', '2021-11-29 07:22:42', '2021-11-29 07:22:42'),
(17, 17, 'Kepulauan Riau', '2021-11-29 07:22:45', '2021-11-29 07:22:45'),
(18, 18, 'Lampung', '2021-11-29 07:22:48', '2021-11-29 07:22:48'),
(19, 19, 'Maluku', '2021-11-29 07:22:52', '2021-11-29 07:22:52'),
(20, 20, 'Maluku Utara', '2021-11-29 07:22:55', '2021-11-29 07:22:55'),
(21, 21, 'Nanggroe Aceh Darussalam (NAD)', '2021-11-29 07:23:01', '2021-11-29 07:23:01'),
(22, 22, 'Nusa Tenggara Barat (NTB)', '2021-11-29 07:23:05', '2021-11-29 07:23:05'),
(23, 23, 'Nusa Tenggara Timur (NTT)', '2021-11-29 07:23:10', '2021-11-29 07:23:10'),
(24, 24, 'Papua', '2021-11-29 07:23:17', '2021-11-29 07:23:17'),
(25, 25, 'Papua Barat', '2021-11-29 07:23:20', '2021-11-29 07:23:20'),
(26, 26, 'Riau', '2021-11-29 07:23:29', '2021-11-29 07:23:29'),
(27, 27, 'Sulawesi Barat', '2021-11-29 07:23:32', '2021-11-29 07:23:32'),
(28, 28, 'Sulawesi Selatan', '2021-11-29 07:23:34', '2021-11-29 07:23:34'),
(29, 29, 'Sulawesi Tengah', '2021-11-29 07:23:41', '2021-11-29 07:23:41'),
(30, 30, 'Sulawesi Tenggara', '2021-11-29 07:23:46', '2021-11-29 07:23:46'),
(31, 31, 'Sulawesi Utara', '2021-11-29 07:23:49', '2021-11-29 07:23:49'),
(32, 32, 'Sumatera Barat', '2021-11-29 07:23:53', '2021-11-29 07:23:53'),
(33, 33, 'Sumatera Selatan', '2021-11-29 07:24:00', '2021-11-29 07:24:00'),
(34, 34, 'Sumatera Utara', '2021-11-29 07:24:02', '2021-11-29 07:24:02');

-- --------------------------------------------------------

--
-- Table structure for table `users`
--

CREATE TABLE `users` (
  `id` bigint(20) UNSIGNED NOT NULL,
  `name` varchar(255) COLLATE utf8mb4_unicode_ci NOT NULL,
  `email` varchar(255) COLLATE utf8mb4_unicode_ci NOT NULL,
  `email_verified_at` timestamp NULL DEFAULT NULL,
  `password` varchar(255) COLLATE utf8mb4_unicode_ci NOT NULL,
  `role` varchar(255) COLLATE utf8mb4_unicode_ci NOT NULL,
  `address` varchar(255) COLLATE utf8mb4_unicode_ci DEFAULT NULL,
  `no_telp` varchar(255) COLLATE utf8mb4_unicode_ci DEFAULT NULL,
  `remember_token` varchar(100) COLLATE utf8mb4_unicode_ci DEFAULT NULL,
  `created_at` timestamp NULL DEFAULT NULL,
  `updated_at` timestamp NULL DEFAULT NULL
) ENGINE=InnoDB DEFAULT CHARSET=utf8mb4 COLLATE=utf8mb4_unicode_ci;

--
-- Dumping data for table `users`
--

INSERT INTO `users` (`id`, `name`, `email`, `email_verified_at`, `password`, `role`, `address`, `no_telp`, `remember_token`, `created_at`, `updated_at`) VALUES
(1, 'Alexander Simare-mare', 'linggomcoffee@gmail.com', NULL, '$2y$10$p.iMs5Ca4To7F0SyM1TB4Obrt1e89vxhF/3TekFgsxsCgpuxrTDD2', 'admin', 'Jl. Empat Lima, Batang Beruh, Sidikalang, Kab. Dairi', '0853 6288 8055', NULL, NULL, '2021-12-14 22:01:47'),
(4, 'Annelis Mellema', 'annelismellema@gmail.com', NULL, '$2y$10$vciDKs82keMtOcqETmBz0OePgBVL8NBWsvrsUv1YuLw2ZeSJ2A4pW', 'user', 'Jl. Sudirman Sudirman no. 21', '0822 3464 7891', 'JL34pXizbnOE5QVpIb0eslSSDZun601fh57uA1KegeHGLYdVnIBK84tsm2xs', '2021-11-11 08:45:52', '2021-12-14 23:05:44'),
(9, 'Keshi Luong', 'caseyluong@gmail.com', NULL, '$2y$10$AOYIji2hS8.RqmODkuBmJuUJ6OamZpq5m80eBVNysTzumLSckn1VG', 'user', '', '', 'e2INK4rDOD7ulcGPcZq65hH11RF8zbc6RUSiUBOnxvO0vOrNR8J11sJQ7bw5', '2021-11-26 23:01:24', '2021-12-12 09:43:36'),
(15, 'Monika Angelia', 'monikamedan0102@gmail.com', NULL, '$2y$10$8A3ulGtVhezAzWu7u.1zSO3s.HiyxWNsadwDTW.SyTpjaMTQa80ja', 'user', NULL, NULL, 'jMH4kqS4SAGnlSJGnuqe4VRb7qHEKoZWUpRpEAwWnGFhJ1JOdT4B2uarAkAN', '2021-12-14 21:50:53', '2021-12-14 21:54:34');

--
-- Indexes for dumped tables
--

--
-- Indexes for table `bills`
--
ALTER TABLE `bills`
  ADD PRIMARY KEY (`id`),
  ADD KEY `bills_customerid_foreign` (`customerId`);

--
-- Indexes for table `carts`
--
ALTER TABLE `carts`
  ADD PRIMARY KEY (`id`),
  ADD KEY `carts_productid_foreign` (`productId`),
  ADD KEY `carts_customerid_foreign` (`customerId`);

--
-- Indexes for table `cart_details`
--
ALTER TABLE `cart_details`
  ADD PRIMARY KEY (`id`),
  ADD KEY `cart_details_bill_id_foreign` (`bill_id`),
  ADD KEY `cart_details_productid_foreign` (`productId`);

--
-- Indexes for table `cities`
--
ALTER TABLE `cities`
  ADD PRIMARY KEY (`id`),
  ADD KEY `cities_province_id_foreign` (`province_id`);

--
-- Indexes for table `couriers`
--
ALTER TABLE `couriers`
  ADD PRIMARY KEY (`id`);

--
-- Indexes for table `expeditions`
--
ALTER TABLE `expeditions`
  ADD PRIMARY KEY (`id`),
  ADD KEY `expeditions_bill_id_foreign` (`bill_id`);

--
-- Indexes for table `failed_jobs`
--
ALTER TABLE `failed_jobs`
  ADD PRIMARY KEY (`id`),
  ADD UNIQUE KEY `failed_jobs_uuid_unique` (`uuid`);

--
-- Indexes for table `locations`
--
ALTER TABLE `locations`
  ADD PRIMARY KEY (`id`);

--
-- Indexes for table `migrations`
--
ALTER TABLE `migrations`
  ADD PRIMARY KEY (`id`);

--
-- Indexes for table `password_resets`
--
ALTER TABLE `password_resets`
  ADD KEY `password_resets_email_index` (`email`);

--
-- Indexes for table `personal_access_tokens`
--
ALTER TABLE `personal_access_tokens`
  ADD PRIMARY KEY (`id`),
  ADD UNIQUE KEY `personal_access_tokens_token_unique` (`token`),
  ADD KEY `personal_access_tokens_tokenable_type_tokenable_id_index` (`tokenable_type`,`tokenable_id`);

--
-- Indexes for table `products`
--
ALTER TABLE `products`
  ADD PRIMARY KEY (`id`);

--
-- Indexes for table `provinces`
--
ALTER TABLE `provinces`
  ADD PRIMARY KEY (`id`);

--
-- Indexes for table `users`
--
ALTER TABLE `users`
  ADD PRIMARY KEY (`id`),
  ADD UNIQUE KEY `users_email_unique` (`email`);

--
-- AUTO_INCREMENT for dumped tables
--

--
-- AUTO_INCREMENT for table `bills`
--
ALTER TABLE `bills`
  MODIFY `id` bigint(20) UNSIGNED NOT NULL AUTO_INCREMENT, AUTO_INCREMENT=37;

--
-- AUTO_INCREMENT for table `carts`
--
ALTER TABLE `carts`
  MODIFY `id` bigint(20) UNSIGNED NOT NULL AUTO_INCREMENT, AUTO_INCREMENT=75;

--
-- AUTO_INCREMENT for table `cart_details`
--
ALTER TABLE `cart_details`
  MODIFY `id` bigint(20) UNSIGNED NOT NULL AUTO_INCREMENT, AUTO_INCREMENT=42;

--
-- AUTO_INCREMENT for table `cities`
--
ALTER TABLE `cities`
  MODIFY `id` bigint(20) UNSIGNED NOT NULL AUTO_INCREMENT, AUTO_INCREMENT=502;

--
-- AUTO_INCREMENT for table `couriers`
--
ALTER TABLE `couriers`
  MODIFY `id` bigint(20) UNSIGNED NOT NULL AUTO_INCREMENT, AUTO_INCREMENT=4;

--
-- AUTO_INCREMENT for table `expeditions`
--
ALTER TABLE `expeditions`
  MODIFY `id` bigint(20) UNSIGNED NOT NULL AUTO_INCREMENT, AUTO_INCREMENT=20;

--
-- AUTO_INCREMENT for table `failed_jobs`
--
ALTER TABLE `failed_jobs`
  MODIFY `id` bigint(20) UNSIGNED NOT NULL AUTO_INCREMENT;

--
-- AUTO_INCREMENT for table `locations`
--
ALTER TABLE `locations`
  MODIFY `id` bigint(20) UNSIGNED NOT NULL AUTO_INCREMENT, AUTO_INCREMENT=2;

--
-- AUTO_INCREMENT for table `migrations`
--
ALTER TABLE `migrations`
  MODIFY `id` int(10) UNSIGNED NOT NULL AUTO_INCREMENT, AUTO_INCREMENT=18;

--
-- AUTO_INCREMENT for table `personal_access_tokens`
--
ALTER TABLE `personal_access_tokens`
  MODIFY `id` bigint(20) UNSIGNED NOT NULL AUTO_INCREMENT;

--
-- AUTO_INCREMENT for table `products`
--
ALTER TABLE `products`
  MODIFY `id` bigint(20) UNSIGNED NOT NULL AUTO_INCREMENT, AUTO_INCREMENT=33;

--
-- AUTO_INCREMENT for table `provinces`
--
ALTER TABLE `provinces`
  MODIFY `id` bigint(20) UNSIGNED NOT NULL AUTO_INCREMENT, AUTO_INCREMENT=35;

--
-- AUTO_INCREMENT for table `users`
--
ALTER TABLE `users`
  MODIFY `id` bigint(20) UNSIGNED NOT NULL AUTO_INCREMENT, AUTO_INCREMENT=16;

--
-- Constraints for dumped tables
--

--
-- Constraints for table `bills`
--
ALTER TABLE `bills`
  ADD CONSTRAINT `bills_customerid_foreign` FOREIGN KEY (`customerId`) REFERENCES `users` (`id`);

--
-- Constraints for table `carts`
--
ALTER TABLE `carts`
  ADD CONSTRAINT `carts_customerid_foreign` FOREIGN KEY (`customerId`) REFERENCES `users` (`id`),
  ADD CONSTRAINT `carts_productid_foreign` FOREIGN KEY (`productId`) REFERENCES `products` (`id`);

--
-- Constraints for table `cart_details`
--
ALTER TABLE `cart_details`
  ADD CONSTRAINT `cart_details_bill_id_foreign` FOREIGN KEY (`bill_id`) REFERENCES `bills` (`id`) ON DELETE CASCADE,
  ADD CONSTRAINT `cart_details_productid_foreign` FOREIGN KEY (`productId`) REFERENCES `products` (`id`) ON DELETE CASCADE;

--
-- Constraints for table `cities`
--
ALTER TABLE `cities`
  ADD CONSTRAINT `cities_province_id_foreign` FOREIGN KEY (`province_id`) REFERENCES `provinces` (`id`);

--
-- Constraints for table `expeditions`
--
ALTER TABLE `expeditions`
  ADD CONSTRAINT `expeditions_bill_id_foreign` FOREIGN KEY (`bill_id`) REFERENCES `bills` (`id`) ON DELETE CASCADE;
COMMIT;

/*!40101 SET CHARACTER_SET_CLIENT=@OLD_CHARACTER_SET_CLIENT */;
/*!40101 SET CHARACTER_SET_RESULTS=@OLD_CHARACTER_SET_RESULTS */;
/*!40101 SET COLLATION_CONNECTION=@OLD_COLLATION_CONNECTION */;
